task,object,model,success,reason,seconds,n_cands,tried,site_ok,max_stage,stage
0,akita_black_bowl_1,baseline,0,站点构型不可行（碰撞/IK）,0.3,145,3,0,0,none
0,akita_black_bowl_1,gsnet,1,ok,43.8,1024,0,3,9,success
0,akita_black_bowl_1,economic,0,站点构型不可行（碰撞/IK）,2.2,1024,8,0,0,none
0,akita_black_bowl_2,baseline,0,站点构型不可行（碰撞/IK）,0.2,135,1,0,0,none
0,akita_black_bowl_2,gsnet,0,站点构型不可行（碰撞/IK）,60.9,1024,35,2,7,closed
0,akita_black_bowl_2,economic,0,GraspNet 无候选,0.1,1024,0,0,0,none
0,cookies_1,baseline,0,GraspNet 无候选,0.1,155,0,0,0,none
0,cookies_1,gsnet,0,站点构型不可行（碰撞/IK）,0.4,1024,1,0,0,none
0,cookies_1,economic,0,GraspNet 无候选,0.1,1024,0,0,0,none
0,glazed_rim_porcelain_ramekin_1,baseline,0,GraspNet 无候选,0.1,140,0,0,0,none
0,glazed_rim_porcelain_ramekin_1,gsnet,0,站点构型不可行（碰撞/IK）,119.5,1024,44,6,7,closed
0,glazed_rim_porcelain_ramekin_1,economic,0,站点构型不可行（碰撞/IK）,0.2,1024,3,0,0,none
0,plate_1,baseline,0,GraspNet 无候选,0.1,148,0,0,0,none
0,plate_1,gsnet,0,GraspNet 无候选,0.1,1024,0,0,0,none
0,plate_1,economic,0,GraspNet 无候选,0.1,1024,0,0,0,none
3,akita_black_bowl_1,baseline,0,站点构型不可行（碰撞/IK）,0.6,130,2,0,0,none
3,akita_black_bowl_1,gsnet,0,站点构型不可行（碰撞/IK）,6.5,1024,30,0,0,none
3,akita_black_bowl_1,economic,0,站点构型不可行（碰撞/IK）,0.4,1024,1,0,0,none
3,akita_black_bowl_2,baseline,0,站点构型不可行（碰撞/IK）,0.6,140,2,0,0,none
3,akita_black_bowl_2,gsnet,0,站点构型不可行（碰撞/IK）,43.8,1024,11,1,7,closed
3,akita_black_bowl_2,economic,0,站点构型不可行（碰撞/IK）,1.7,1024,11,0,0,none
3,cookies_1,baseline,0,站点构型不可行（碰撞/IK）,1.7,146,3,0,0,none
3,cookies_1,gsnet,0,站点构型不可行（碰撞/IK）,12.3,1024,45,0,0,none
3,cookies_1,economic,0,站点构型不可行（碰撞/IK）,2.4,1024,6,0,0,none
3,glazed_rim_porcelain_ramekin_1,baseline,0,站点构型不可行（碰撞/IK）,4.5,137,7,1,2,pregrasp
3,glazed_rim_porcelain_ramekin_1,gsnet,0,站点构型不可行（碰撞/IK）,165.4,1024,47,15,7,closed
3,glazed_rim_porcelain_ramekin_1,economic,0,GraspNet 无候选,0.1,1024,0,0,0,none
3,plate_1,baseline,0,GraspNet 无候选,0.1,132,0,0,0,none
3,plate_1,gsnet,0,站点构型不可行（碰撞/IK）,3.0,1024,11,0,0,none
3,plate_1,economic,0,站点构型不可行（碰撞/IK）,0.4,1024,1,0,0,none
6,akita_black_bowl_1,baseline,0,GraspNet 无候选,0.1,120,0,0,0,none
6,akita_black_bowl_1,gsnet,0,站点构型不可行（碰撞/IK）,10.0,1024,34,0,0,none
6,akita_black_bowl_1,economic,0,站点构型不可行（碰撞/IK）,3.7,1024,16,0,0,none
6,akita_black_bowl_2,baseline,0,GraspNet 无候选,0.1,117,0,0,0,none
6,akita_black_bowl_2,gsnet,1,ok,30.1,1024,0,1,9,success
6,akita_black_bowl_2,economic,0,站点构型不可行（碰撞/IK）,0.4,1024,2,0,0,none
6,cookies_1,baseline,0,GraspNet 无候选,0.1,125,0,0,0,none
6,cookies_1,gsnet,0,站点构型不可行（碰撞/IK）,1.1,1024,3,0,0,none
6,cookies_1,economic,0,GraspNet 无候选,0.1,1024,0,0,0,none
6,glazed_rim_porcelain_ramekin_1,baseline,0,站点构型不可行（碰撞/IK）,0.2,126,2,0,0,none
6,glazed_rim_porcelain_ramekin_1,gsnet,0,站点构型不可行（碰撞/IK）,352.2,1024,48,21,7,closed
6,glazed_rim_porcelain_ramekin_1,economic,0,GraspNet 无候选,0.1,1024,0,0,0,none
6,plate_1,baseline,0,闭爪后物体未随抬升脱离（Δbottom=0.000）,48.4,123,2,2,7,closed
6,plate_1,gsnet,0,站点构型不可行（碰撞/IK）,0.1,1024,1,0,0,none
6,plate_1,economic,0,GraspNet 无候选,0.1,1024,0,0,0,none
8,akita_black_bowl_1,baseline,0,站点构型不可行（碰撞/IK）,1.7,138,5,0,0,none
8,akita_black_bowl_1,gsnet,0,站点构型不可行（碰撞/IK）,2.2,1024,14,0,0,none
8,akita_black_bowl_1,economic,0,站点构型不可行（碰撞/IK）,0.1,1024,2,0,0,none
8,akita_black_bowl_2,baseline,0,站点构型不可行（碰撞/IK）,0.5,141,3,0,0,none
8,akita_black_bowl_2,gsnet,0,站点构型不可行（碰撞/IK）,14.7,1024,45,1,1,site_ik
8,akita_black_bowl_2,economic,0,站点构型不可行（碰撞/IK）,0.1,1024,1,0,0,none
8,cookies_1,baseline,0,GraspNet 无候选,0.1,138,0,0,0,none
8,cookies_1,gsnet,0,站点构型不可行（碰撞/IK）,1.0,1024,5,0,0,none
8,cookies_1,economic,0,站点构型不可行（碰撞/IK）,0.3,1024,1,0,0,none
8,glazed_rim_porcelain_ramekin_1,baseline,0,GraspNet 无候选,0.1,143,0,0,0,none
8,glazed_rim_porcelain_ramekin_1,gsnet,0,站点构型不可行（碰撞/IK）,51.4,1024,48,3,7,closed
8,glazed_rim_porcelain_ramekin_1,economic,0,站点构型不可行（碰撞/IK）,0.2,1024,2,0,0,none
8,plate_1,baseline,0,站点构型不可行（碰撞/IK）,0.3,140,3,0,0,none
8,plate_1,gsnet,0,站点构型不可行（碰撞/IK）,4.0,1024,29,0,0,none
8,plate_1,economic,0,站点构型不可行（碰撞/IK）,0.2,1024,1,0,0,none
