task,object,model,success,reason,seconds,n_cands
0,akita_black_bowl_1,baseline,0,站点构型不可行（碰撞/IK）,0.3,145
0,akita_black_bowl_1,gsnet,0,站点构型不可行（碰撞/IK）,4.0,512
0,akita_black_bowl_1,economic,0,GraspNet 无候选,0.1,512
0,akita_black_bowl_2,baseline,0,站点构型不可行（碰撞/IK）,0.2,139
0,akita_black_bowl_2,gsnet,0,站点构型不可行（碰撞/IK）,0.6,512
0,akita_black_bowl_2,economic,0,GraspNet 无候选,0.1,512
0,cookies_1,baseline,0,GraspNet 无候选,0.1,139
0,cookies_1,gsnet,0,GraspNet 无候选,0.0,512
0,cookies_1,economic,0,GraspNet 无候选,0.1,512
0,glazed_rim_porcelain_ramekin_1,baseline,0,GraspNet 无候选,0.1,139
0,glazed_rim_porcelain_ramekin_1,gsnet,0,站点构型不可行（碰撞/IK）,76.9,512
0,glazed_rim_porcelain_ramekin_1,economic,0,GraspNet 无候选,0.1,512
0,plate_1,baseline,0,GraspNet 无候选,0.1,139
0,plate_1,gsnet,0,GraspNet 无候选,0.0,512
0,plate_1,economic,0,GraspNet 无候选,0.1,512
